{
  "hash": "4c33dd1e",
  "configHash": "c6418429",
  "lockfileHash": "fdc3908e",
  "browserHash": "3f8138f5",
  "optimized": {
    "@angular/common": {
      "src": "../../../../../../node_modules/@angular/common/fesm2022/common.mjs",
      "file": "@angular_common.js",
      "fileHash": "7b8d1156",
      "needsInterop": false
    },
    "@angular/core": {
      "src": "../../../../../../node_modules/@angular/core/fesm2022/core.mjs",
      "file": "@angular_core.js",
      "fileHash": "3f9c6c9b",
      "needsInterop": false
    },
    "@angular/platform-browser": {
      "src": "../../../../../../node_modules/@angular/platform-browser/fesm2022/platform-browser.mjs",
      "file": "@angular_platform-browser.js",
      "fileHash": "7843da9c",
      "needsInterop": false
    },
    "@angular/router": {
      "src": "../../../../../../node_modules/@angular/router/fesm2022/router.mjs",
      "file": "@angular_router.js",
      "fileHash": "43944549",
      "needsInterop": false
    }
  },
  "chunks": {
    "chunk-TSPAT64E": {
      "file": "chunk-TSPAT64E.js"
    },
    "chunk-CXPCOQ3E": {
      "file": "chunk-CXPCOQ3E.js"
    },
    "chunk-NRIQAXQZ": {
      "file": "chunk-NRIQAXQZ.js"
    }
  }
}