{
  "hash": "4efc6fcd",
  "configHash": "ad297299",
  "lockfileHash": "147cd0ae",
  "browserHash": "9bf01ecc",
  "optimized": {
    "@angular/common": {
      "src": "../../../../../../node_modules/@angular/common/fesm2022/common.mjs",
      "file": "@angular_common.js",
      "fileHash": "ba2d9798",
      "needsInterop": false
    },
    "@angular/core": {
      "src": "../../../../../../node_modules/@angular/core/fesm2022/core.mjs",
      "file": "@angular_core.js",
      "fileHash": "ce46ecbc",
      "needsInterop": false
    },
    "@angular/platform-browser": {
      "src": "../../../../../../node_modules/@angular/platform-browser/fesm2022/platform-browser.mjs",
      "file": "@angular_platform-browser.js",
      "fileHash": "3fd037df",
      "needsInterop": false
    },
    "@angular/router": {
      "src": "../../../../../../node_modules/@angular/router/fesm2022/router.mjs",
      "file": "@angular_router.js",
      "fileHash": "41df1c6a",
      "needsInterop": false
    }
  },
  "chunks": {
    "chunk-QUTJW3OX": {
      "file": "chunk-QUTJW3OX.js"
    },
    "chunk-GR2ZYQ2A": {
      "file": "chunk-GR2ZYQ2A.js"
    },
    "chunk-TO4CFXQS": {
      "file": "chunk-TO4CFXQS.js"
    }
  }
}