{
  "hash": "53f8d1bf",
  "configHash": "cbbfd388",
  "lockfileHash": "239d08b8",
  "browserHash": "8b01869d",
  "optimized": {
    "@angular/common": {
      "src": "../../../../../../node_modules/@angular/common/fesm2022/common.mjs",
      "file": "@angular_common.js",
      "fileHash": "e5b0537a",
      "needsInterop": false
    },
    "@angular/common/http": {
      "src": "../../../../../../node_modules/@angular/common/fesm2022/http.mjs",
      "file": "@angular_common_http.js",
      "fileHash": "396f5453",
      "needsInterop": false
    },
    "@angular/core": {
      "src": "../../../../../../node_modules/@angular/core/fesm2022/core.mjs",
      "file": "@angular_core.js",
      "fileHash": "1cd9178b",
      "needsInterop": false
    },
    "@angular/platform-browser": {
      "src": "../../../../../../node_modules/@angular/platform-browser/fesm2022/platform-browser.mjs",
      "file": "@angular_platform-browser.js",
      "fileHash": "3fb73f33",
      "needsInterop": false
    },
    "@angular/router": {
      "src": "../../../../../../node_modules/@angular/router/fesm2022/router.mjs",
      "file": "@angular_router.js",
      "fileHash": "f1ed5390",
      "needsInterop": false
    }
  },
  "chunks": {
    "chunk-DQBK2LT5": {
      "file": "chunk-DQBK2LT5.js"
    },
    "chunk-GRZZHNRG": {
      "file": "chunk-GRZZHNRG.js"
    },
    "chunk-CXPCOQ3E": {
      "file": "chunk-CXPCOQ3E.js"
    },
    "chunk-NRIQAXQZ": {
      "file": "chunk-NRIQAXQZ.js"
    }
  }
}