{
  "hash": "32fefb18",
  "configHash": "8d29e567",
  "lockfileHash": "2ebc2992",
  "browserHash": "1774ea76",
  "optimized": {
    "@angular/core": {
      "src": "../../../../../../node_modules/@angular/core/fesm2022/core.mjs",
      "file": "@angular_core.js",
      "fileHash": "63756f46",
      "needsInterop": false
    },
    "@angular/platform-browser": {
      "src": "../../../../../../node_modules/@angular/platform-browser/fesm2022/platform-browser.mjs",
      "file": "@angular_platform-browser.js",
      "fileHash": "20b1687f",
      "needsInterop": false
    },
    "@angular/router": {
      "src": "../../../../../../node_modules/@angular/router/fesm2022/router.mjs",
      "file": "@angular_router.js",
      "fileHash": "315d78d6",
      "needsInterop": false
    }
  },
  "chunks": {
    "chunk-CVIMRY3Y": {
      "file": "chunk-CVIMRY3Y.js"
    },
    "chunk-NRIQAXQZ": {
      "file": "chunk-NRIQAXQZ.js"
    }
  }
}