{
  "hash": "a4138a14",
  "configHash": "5095972e",
  "lockfileHash": "0f6396a3",
  "browserHash": "91f268af",
  "optimized": {
    "@angular/core": {
      "src": "../../../../../../node_modules/@angular/core/fesm2022/core.mjs",
      "file": "@angular_core.js",
      "fileHash": "d4627da6",
      "needsInterop": false
    },
    "@angular/platform-browser": {
      "src": "../../../../../../node_modules/@angular/platform-browser/fesm2022/platform-browser.mjs",
      "file": "@angular_platform-browser.js",
      "fileHash": "dc2a92bd",
      "needsInterop": false
    },
    "@angular/router": {
      "src": "../../../../../../node_modules/@angular/router/fesm2022/router.mjs",
      "file": "@angular_router.js",
      "fileHash": "48bcf778",
      "needsInterop": false
    },
    "@angular/common": {
      "src": "../../../../../../node_modules/@angular/common/fesm2022/common.mjs",
      "file": "@angular_common.js",
      "fileHash": "70684cbd",
      "needsInterop": false
    }
  },
  "chunks": {
    "chunk-QUTJW3OX": {
      "file": "chunk-QUTJW3OX.js"
    },
    "chunk-GR2ZYQ2A": {
      "file": "chunk-GR2ZYQ2A.js"
    },
    "chunk-TO4CFXQS": {
      "file": "chunk-TO4CFXQS.js"
    }
  }
}