{
  "hash": "e49cf047",
  "configHash": "3e3ed84e",
  "lockfileHash": "01e45c55",
  "browserHash": "e8948d3c",
  "optimized": {
    "@angular/core": {
      "src": "../../../../../../node_modules/@angular/core/fesm2022/core.mjs",
      "file": "@angular_core.js",
      "fileHash": "36fe361b",
      "needsInterop": false
    },
    "@angular/forms": {
      "src": "../../../../../../node_modules/@angular/forms/fesm2022/forms.mjs",
      "file": "@angular_forms.js",
      "fileHash": "63c2caf0",
      "needsInterop": false
    },
    "@angular/platform-browser": {
      "src": "../../../../../../node_modules/@angular/platform-browser/fesm2022/platform-browser.mjs",
      "file": "@angular_platform-browser.js",
      "fileHash": "559e6a55",
      "needsInterop": false
    },
    "@angular/router": {
      "src": "../../../../../../node_modules/@angular/router/fesm2022/router.mjs",
      "file": "@angular_router.js",
      "fileHash": "18f09771",
      "needsInterop": false
    }
  },
  "chunks": {
    "chunk-4JV33WYB": {
      "file": "chunk-4JV33WYB.js"
    },
    "chunk-AG2PCX34": {
      "file": "chunk-AG2PCX34.js"
    },
    "chunk-EHVSD3XR": {
      "file": "chunk-EHVSD3XR.js"
    }
  }
}