{
  "hash": "596cc361",
  "configHash": "c86bc388",
  "lockfileHash": "f08ba113",
  "browserHash": "a446f3c0",
  "optimized": {
    "@angular/common": {
      "src": "../../../../../../node_modules/@angular/common/fesm2022/common.mjs",
      "file": "@angular_common.js",
      "fileHash": "a823b337",
      "needsInterop": false
    },
    "@angular/common/http": {
      "src": "../../../../../../node_modules/@angular/common/fesm2022/http.mjs",
      "file": "@angular_common_http.js",
      "fileHash": "2da73ec4",
      "needsInterop": false
    },
    "@angular/core": {
      "src": "../../../../../../node_modules/@angular/core/fesm2022/core.mjs",
      "file": "@angular_core.js",
      "fileHash": "7c3a1399",
      "needsInterop": false
    },
    "@angular/forms": {
      "src": "../../../../../../node_modules/@angular/forms/fesm2022/forms.mjs",
      "file": "@angular_forms.js",
      "fileHash": "77bcb4c2",
      "needsInterop": false
    },
    "@angular/material/button": {
      "src": "../../../../../../node_modules/@angular/material/fesm2022/button.mjs",
      "file": "@angular_material_button.js",
      "fileHash": "ea120235",
      "needsInterop": false
    },
    "@angular/material/form-field": {
      "src": "../../../../../../node_modules/@angular/material/fesm2022/form-field.mjs",
      "file": "@angular_material_form-field.js",
      "fileHash": "20fd1185",
      "needsInterop": false
    },
    "@angular/material/input": {
      "src": "../../../../../../node_modules/@angular/material/fesm2022/input.mjs",
      "file": "@angular_material_input.js",
      "fileHash": "45afeb76",
      "needsInterop": false
    },
    "@angular/material/progress-spinner": {
      "src": "../../../../../../node_modules/@angular/material/fesm2022/progress-spinner.mjs",
      "file": "@angular_material_progress-spinner.js",
      "fileHash": "52771f81",
      "needsInterop": false
    },
    "@angular/platform-browser": {
      "src": "../../../../../../node_modules/@angular/platform-browser/fesm2022/platform-browser.mjs",
      "file": "@angular_platform-browser.js",
      "fileHash": "5785f6e6",
      "needsInterop": false
    },
    "@angular/platform-browser/animations": {
      "src": "../../../../../../node_modules/@angular/platform-browser/fesm2022/animations.mjs",
      "file": "@angular_platform-browser_animations.js",
      "fileHash": "ce83bae3",
      "needsInterop": false
    },
    "rxjs": {
      "src": "../../../../../../node_modules/rxjs/dist/esm5/index.js",
      "file": "rxjs.js",
      "fileHash": "ac43f28d",
      "needsInterop": false
    }
  },
  "chunks": {
    "chunk-NN4VVKZP": {
      "file": "chunk-NN4VVKZP.js"
    },
    "chunk-HGGNA3LN": {
      "file": "chunk-HGGNA3LN.js"
    },
    "chunk-YJNDXX6A": {
      "file": "chunk-YJNDXX6A.js"
    },
    "chunk-A5777KWK": {
      "file": "chunk-A5777KWK.js"
    },
    "chunk-IVAOQJFK": {
      "file": "chunk-IVAOQJFK.js"
    },
    "chunk-VYGXF73D": {
      "file": "chunk-VYGXF73D.js"
    },
    "chunk-ZBJEPUJX": {
      "file": "chunk-ZBJEPUJX.js"
    },
    "chunk-2UBHIABL": {
      "file": "chunk-2UBHIABL.js"
    },
    "chunk-5TID76VL": {
      "file": "chunk-5TID76VL.js"
    }
  }
}